datetime,city,state,country,shape,duration (seconds),duration (hours/min),comments,date posted,latitude,longitude
10/1/1993 20:00,pryor,mt,us,light,1800,20-30 minutes,Floating Light&#44 Like a Spotlight,11/3/2005,45.4297222,-108.5325000
10/12/1999 01:30,missoula,mt,us,triangle,60,1 minute,Some of my friend and I were outside&#44 smoking when something flew over us. It looked like an airplane at first&#44 but it was to big&#44 and,11/23/1999,46.8722222,-113.9930556
10/12/2011 21:00,zortman,mt,us,light,1800,30 mins,Small bright yellow white light forming into three. making a loud roaring noise.,10/19/2011,47.9177778,-108.5255556
10/13/2008 21:30,butte,mt,us,,3600,1 hour,40-50 lights flying over Butte Montana in a V formation,10/31/2008,46.0038889,-112.5338889
10/14/1995 22:30,troy,mt,us,,2,2 sec.,Two women witness green obj&#44 &quot;size of full moon&#44&quot; fly directly toward them&#44 descend from SE.  Illuminated trees on top of mtn..,11/2/1999,48.4633333,-115.8886111
10/14/2005 19:45,lincoln (east of),mt,us,egg,1800,15-30 minutes,egg/circle shaped&#44 red/yellow/white lights - west of Lincoln tonight,10/20/2005,46.9550000,-112.6808333
10/15/1975 22:00,ryegate (south of),mt,us,circle,3600,1 hour,10/15/75. Round shape&#44 extremely bright white light&#44 took off (up) when I told it to &quot;come get me&quot;.,10/31/2003,46.2972222,-109.2580556
10/15/1987 22:30,baker,mt,us,light,600,5 to 10 min,bright light came out from behind a cloud and split off into 6 smaller lights leaving at a high speed,5/24/2005,46.3669444,-104.2841667
10/15/1993 00:00,butte,mt,us,sphere,30,30 secs,A hovering object in the vicinity of &quot;The Lady of the Mountains&quot;.,10/31/2003,46.0038889,-112.5338889
10/15/2002 20:10,rexford,mt,us,chevron,30,30 sec,Twelve chevron shaped crafts spotte over Lake Koocanusa&#44 Montana.,10/28/2002,48.8994444,-115.1711111
10/15/2004 06:55,great falls,mt,us,unknown,2,seconds,5 or 6 elliptical lights appear in front of truck and then suddenly move over it and disappear,10/27/2004,47.5002778,-111.3000000
10/15/2006 18:00,kalispell,mt,us,teardrop,1200,about 20 min,Mettalic&#44 teardrop shaped object hover in the sky above house,4/27/2007,48.1958333,-114.3119444
10/15/2007 20:00,wolf point,mt,us,fireball,30,30 seconds,Bright large orb with bright light shining to ground&#44 lasted only 30 seconds.,11/28/2007,48.0905556,-105.6400000
10/15/2008 21:00,missoula,mt,us,unknown,3,3 seconds,It was mid-October&#44 2008&#44 at 9 p.m. and full dark. We live in a drainage just west of Missoula&#44 MT. When we took our little dog out for,3/16/2012,46.8722222,-113.9930556
10/15/2013 16:45,bozeman,mt,us,light,120,2 minutes,Light to the west.,10/23/2013,45.6797222,-111.0377778
10/17/2003 21:00,missoula,mt,us,circle,1200,20 min,there was a haze around object,10/31/2003,46.8722222,-113.9930556
10/19/1998 16:30,big arm,mt,us,disk,600,5-10 minutes,Facing East&#44 clear sky&#44 characterized by bright light blinking at very cadence from one to five.  Movement pattern was up&#44 down&#44 then t,11/1/1998,47.7980556,-114.2938889
10/19/1999 17:30,bozeman,mt,us,unknown,900,15min,THREE SMALL FLYING OBJECTS CAME TOGETHER FROM DIFFERNT AREAS TO FORM A STACKED FORMATION&#44 THEN ROTATED  CLOCK WISE TO ABOUT 2 OCLOCK FO,11/2/1999,45.6797222,-111.0377778
10/20/1999 08:15,stevensville,mt,us,other,60,one minute,looked to east saw sparkling dot with white plume coming out of top.to left of object saw fast moving aircraft leaving vapor trails. As,11/2/1999,46.5100000,-114.0922222
10/20/1999 08:15,stevensville,mt,us,other,90,1.5 min,Saw sparkler type light with white plume out of top in Eastern sky about 60 degrees above horizon.,11/2/1999,46.5100000,-114.0922222
10/20/2010 21:00,billings,mt,us,light,900,15 mins,Light moving slowly in a circle outside Billings,11/21/2010,45.7833333,-108.5000000
10/21/2006 07:30,hamilton,mt,us,diamond,4,4 seconds,Small cloud becomes trapezoid shape and disappears,10/30/2006,46.2469444,-114.1594444
10/2/1999 22:45,kalispell,mt,us,chevron,5,5 seconds,Group of 5 (perhaps 7) faint&#44 diffuse&#44 eliptical white lights&#44 traveling quite quickly north to south.  Relatively low altitude; discer,10/19/1999,48.1958333,-114.3119444
10/2/2012 20:29,montana city,mt,us,light,10,10 seconds,Bright red light leading a helicopter at night.,10/30/2012,46.5377778,-111.9319444
10/23/1997 16:30,billings,mt,us,cylinder,180,16:30-16:33,Dark gray&#44 cylindrical&#44 object about 100m wide and 40m tall.  Hovered in circle&#44 about 20 miles away.,1/28/1999,45.7833333,-108.5000000
10/23/2007 09:30,bozeman,mt,us,sphere,900,15 minutes,object starlike flew then stopped and stayed there all night.,12/12/2009,45.6797222,-111.0377778
10/25/1978 16:00,virginia city,mt,us,other,600,10 minutes,While elk hunting South of town I sighted a huge object which was shiny like mylar or a mirror but seemed metalic. It was shaped like a,1/28/1999,45.2938889,-111.9452778
10/29/1999 22:00,bozeman,mt,us,light,1800,30 min,me and my friends were standing out int the field behind the middle school and we saw a light come up from the ground out by the airpor,11/23/1999,45.6797222,-111.0377778
10/30/2002 16:15,potomac,mt,us,cigar,120,2 minutes,Silver slow-moving&#44 noiseless&#44 low altitude&#44 almost missile shaped object.,11/4/2002,46.8816667,-113.5786111
10/30/2004 01:00,missoula,mt,us,other,180,2-3 minutes,Missile shape left mountaintop without sound or lights disappearing into a black cloud .,12/3/2004,46.8722222,-113.9930556
10/31/1998 19:00,missoula,mt,us,changing,20,20 seconds,I noticed a very dim pin point of what looked like a star go from a pin point to half the size of the moon while its light intensified,11/19/1998,46.8722222,-113.9930556
10/31/1999 21:30,billings,mt,us,,15,10/15seconds,weather conditons were winds gusting 40/45 mph when all power went off in area&#44 we stepped outside and immediatly nsaw 8/10 large red l,11/2/1999,45.7833333,-108.5000000
10/31/2006 11:00,eureka,mt,us,fireball,300,5 min,falling fireball super slow 100 feet from ground,12/7/2006,48.8800000,-115.0525000
10/3/2006 20:00,miles city,mt,us,oval,600,10min&#44 to 15&#44 min,was sitting at my porch watching the evening sky&#44as i was watching i saw what i first thought was a plane comeing from the south &#44we ge,12/7/2006,46.4083333,-105.8400000
10/3/2011 02:35,miles city,mt,us,formation,420,7 minutes,3 red objects bright moving then 3 white disperse from within,10/10/2011,46.4083333,-105.8400000
10/3/2012 11:30,missoula,mt,us,flash,3,3 seconds,Green object flew across the night sky with green trail behind it,10/30/2012,46.8722222,-113.9930556
10/4/2012 23:30,kila,mt,us,circle,3,3 seconds,It was bright green&#44 in the west.  Traveled downward very fast.  Looked like a shooting star but larger and brighter.  I am mature&#44 rea,10/30/2012,48.1202778,-114.4558333
10/4/2012 23:30,plains,mt,us,flash,3,3 seconds,Very large falling star style flash.,10/30/2012,47.4602778,-114.8819444
10/5/2005 21:30,great falls,mt,us,other,10800,3 hours,Three day sighting spectacular&#33,11/3/2005,47.5002778,-111.3000000
10/8/2004 22:30,helena,mt,us,light,1800,30 minutes,Shimmering light of many colors&#44 moving in a random pattern&#44 lying low on the W horizon.  ((NUFORC Note:  Twinkling star?  PD)),10/27/2004,46.5927778,-112.0352778
10/8/2005 20:30,bigfork,mt,us,light,120,2 minutes,3 different colored objects moving down towards me.,10/11/2005,48.0633333,-114.0716667
10/8/2013 22:15,sidney,mt,us,diamond,5,5 seconds,4 glowing lights in diamond formation speed across sky and dissappear.,10/14/2013,47.7166667,-104.1558333
10/9/2010 01:20,butte,mt,us,formation,1800,approximately 30 minutes;,Six points of light seen in sky over Butte&#44 MT.,11/21/2010,46.0038889,-112.5338889
11/10/2012 18:00,eureka,mt,us,light,600,10 minutes,Orange light over eureka montana.,11/19/2012,48.8800000,-115.0525000
11/11/2007 21:45,cut bank,mt,us,sphere,15,15 seconds,Five round red lights perform high-speed maneuvering and 90 degree turns over Cut Bank&#44 Montana,11/28/2007,48.6330556,-112.3252778
11/11/2012 20:10,kalispell,mt,us,unknown,900,10-15 minutes,FIVE CRAFT WERE SEEN IN THE SKY FLYING IN FORMATION.,11/19/2012,48.1958333,-114.3119444
11/11/2012 20:30,kalispell,mt,us,diamond,30,30 seconds,While we were on our way home from the movies&#44 a large lighted object flew over us&#44 stopped and changed direction without a sound.,11/19/2012,48.1958333,-114.3119444
1/11/2001 21:50,silesia,mt,us,fireball,2,1-2 seconds,I saw on the west horizon what looked like a huge falling star travelling from the north to the south and disappearing behind the west,2/18/2001,45.5566667,-108.8408333
11/1/2013 18:50,trego (near),mt,us,fireball,5,5 seconds,Giant orange fireball shooting across sky.,11/11/2013,48.7052778,-114.8683333
11/1/2013 20:20,butte,mt,us,formation,30,30 seconds,Red formation above Butte&#44 Montana.,11/11/2013,46.0038889,-112.5338889
11/12/2009 20:44,big sandy,mt,us,,1260,12-21 minutes,Flicker lights seen in the night sky south of Big Sandy.,12/12/2009,48.1786111,-110.1113889
11/13/2012 18:00,lewistown,mt,us,fireball,300,5 minutes,Orange glow object in Central Montana,11/19/2012,47.0625000,-109.4275000
11/14/1996 14:15,corvallis,mt,us,sphere,3,3 seconds,glowing orb like object displacing dense fog,11/28/2007,46.3141667,-114.1119444
11/15/1977 20:30,sidney,mt,us,circle,180,3 minutes,Small saucer with red&#44 green and blue lights.,10/12/2001,47.7166667,-104.1558333
11/15/1986 23:00,plains,mt,us,other,60,60 sec,Boomerang shaped black body&#44 green lights motionless and silent.  Vanished after I came closer to it.,3/19/2009,47.4602778,-114.8819444
11/15/2004 05:30,dillon,mt,us,triangle,70,70 sec.,The object had several dim white lights that flickered at different times&#44 flew just at the edge of the city lights&#44 and had no sound.,5/24/2005,45.2163889,-112.6366667
11/16/2009 18:39,glasgow,mt,us,light,10,10sec,Intense bright light seen for a few seconds.,12/12/2009,48.1969444,-106.6361111
11/17/2006 10:30,great falls,mt,us,circle,180,3 minutes,Large&#44 White&#44 Round Ball,12/7/2006,47.5002778,-111.3000000
11/17/2009 22:00,manhattan,mt,us,other,120,2 minutes,Thin bright line streaking across the sky&#44 then stops.,12/12/2009,45.8566667,-111.3316667
11/17/2010 11:00,great falls,mt,us,triangle,60,1 minute,flew low really low over the hotel i was walking my dog and heard a low click noise im an airfraft mechanic so i know its nothing ive s,11/21/2010,47.5002778,-111.3000000
11/17/2012 00:00,bozeman,mt,us,circle,20,20 seconds,Red sphere that made obvious speed and altitude gains as well as direction changes.,11/19/2012,45.6797222,-111.0377778
11/17/2012 19:52,polson,mt,us,light,240,4 minutes,7 crafts light  orange glow ball that formed a triangle ... for a few mins ... then  rose up 1 at a time and disappeared.,11/19/2012,47.6936111,-114.1622222
11/18/1997 19:30,malta (60 miles south of),mt,us,rectangle,2,2 seconds,Three of us wittnessed three rectangular orangish red lights in the sky the same distance apart. They appeared one at a time till three,8/5/2001,48.3597222,-107.8736111
11/18/2005 18:30,hays,mt,us,fireball,60,1 minute,We/I saw 6 orangish light over Blaine County.  ((Anonymous report)),12/16/2005,47.9891667,-108.6936111
11/19/2010 21:00,missoula,mt,us,triangle,300,5 minutes,I saw a strange object that was just hovering&#44 appeared to be a plane but planes don&#39t hover.,1/5/2011,46.8722222,-113.9930556
11/19/2012 24:00,butte,mt,us,changing,600,10 minutes,Red  with periodis of white and red blinking lights moving slowly southeast soundlessly and changing shape.,12/20/2012,46.0038889,-112.5338889
1/1/1963 22:00,helena (near),mt,us,diamond,3600,1 hour,Diamond shaped UFO blocks USAF runway,2/10/2012,46.5927778,-112.0352778
1/1/2012 01:00,belgrade,mt,us,circle,180,3 minutes,We saw a strange looking orange light in the sky.  It was moving slowly in the sky then stopped.  The light then remained still for app,1/12/2012,45.7761111,-111.1761111
1/1/2013 00:07,billings,mt,us,light,300,5 minutes,Two orange lights in sky.,2/4/2013,45.7833333,-108.5000000
1/1/2014 21:00,great falls,mt,us,sphere,30,30 seconds,Observes 2 orange spheres flying North over Great Falls Montana.,1/10/2014,47.5002778,-111.3000000
1/12/1997 23:00,billings,mt,us,light,300,5 minutes or less,Two bright red lights moving in perfect formation flew over Billings on the evening of Jan.12&#44 1997.  They were&#160;flying at an altitude n,3/7/1998,45.7833333,-108.5000000
1/12/2006 07:00,laurel,mt,us,fireball,1800,30 minutes,On my way home from work in Billings&#44 Montana&#44 I observed a huge&#44 firey thing hanging in the sky North of Laurel&#44 Montana where I live.,2/14/2006,45.6691667,-108.7708333
1/12/2009 20:30,arlee,mt,us,flash,1200,20 mins,A flash above mountains and went from bright to dull several times; looked with telescope and definate object-tried to photograph.,3/19/2009,47.1619444,-114.0841667
1/12/2011 07:35,crow agency,mt,us,light,60,one minute,driving to work spotted bright light in the sky...,1/31/2011,45.6016667,-107.4605556
1/12/2013 01:00,bozeman,mt,us,flash,3,3 seconds,Unidentified Flash.,2/4/2013,45.6797222,-111.0377778
11/2/2013 18:40,helena,mt,us,oval,3,2-3 seconds,Green orb stationary&#44 accelerates to unimaginable speed&#44 and vanishes.,11/11/2013,46.5927778,-112.0352778
11/22/1999 23:00,kalispell,mt,us,circle,3600,1 hour,First craft was hovering over backyard approximately 100 ft off the ground then slowly headed for the mountains.,11/30/1999,48.1958333,-114.3119444
11/22/2005 14:20,elk park,mt,us,triangle,25,20-25 seconds,Two triangle shaped craft spotted over Elk Park&#44 Montana.,12/16/2005,46.1650000,-112.3713889
11/23/2013 11:11,helena,mt,us,oval,2,2 seconds,An aircraft with very bright green lights plummeted out of the sky then flew unexplainable speeds back into the night sky.,12/2/2013,46.5927778,-112.0352778
11/24/1993 19:00,harlowton (in general vicinity of malmstrom afb),mt,us,formation,21600,approx. 6 hrs.,6-7 hr. long event during which a triangle&#44disks and an IMMENSE cylindrical object were observed clearly at close range and through opt,9/12/1999,46.4355556,-109.8336111
11/24/2003 01:00,white sulphur springs,mt,us,circle,10800,3 hours,There were two crafts hovering for several hours.,11/26/2003,46.5483333,-110.9013889
11/26/2008 00:05,great falls,mt,us,light,2700,45 minutes,Bright light hovering for 45+ minutes on the outskirts of Great Falls&#44 MT; w/ flashing blue and red. ((NUFORC Note:  Star??  PD)),1/10/2009,47.5002778,-111.3000000
11/26/2011 18:30,missoula,mt,us,unknown,40,40 seconds,5 or 6 orange lights&#44 no noise&#44 disbursed and went in different directions.  lasted approx 40 seconds,12/12/2011,46.8722222,-113.9930556
11/27/2000 20:03,helena,mt,us,egg,120,2 mts,very bright egg shaped craft traveling west to east,12/2/2000,46.5927778,-112.0352778
11/28/2011 05:45,helena,mt,us,oval,300,5 minutes,Blue Oval by Mount Helena,12/12/2011,46.5927778,-112.0352778
11/30/2004 23:45,laurel,mt,us,fireball,180,2-3 min ??,AMAZING &#33&#33&#33 LARGER THAN USUAL BRILLIANT FIREBALL IN WSW MIDNIGHT MONTANA SKIES.,12/14/2004,45.6691667,-108.7708333
11/30/2013 21:20,missoula,mt,us,oval,900,15 minutes,Bright whitish/gold orbs travelled south at tree level down Rattlesnake Creek in MIssoula&#44 Montana,12/2/2013,46.8722222,-113.9930556
11/4/2005 21:45,helena,mt,us,triangle,15,10-15 seconds,Low flying triangular shaped object quickly moving across the sky,12/16/2005,46.5927778,-112.0352778
11/6/2012 06:30,cut bank,mt,us,chevron,300,5 minutes,4-5 highly lit chevrons not moving or producing sign in southern and western sky.,11/19/2012,48.6330556,-112.3252778
11/6/2012 21:00,bozeman,mt,us,circle,900,15 minutes,Red flashing Lights following two solid white lights,11/19/2012,45.6797222,-111.0377778
1/16/2014 17:30,belgrade,mt,us,unknown,60,1 minutes,Low frequentcy sound vibration...like a horn.,1/24/2014,45.7761111,-111.1761111
1/17/2000 20:30,three forks,mt,us,cylinder,10,8 to 10 sec,WE WHERE DRIVING EAST ON HIGH 2 INTO 3FORKS MONTANA WHEN WE SAW AN OBJECT COME INTO SIGHT FROM THE N.W. IT WAS HEADING S.E. IT WAS A LO,1/22/2000,45.8925000,-111.5513889
11/7/2003 00:00,livingston,mt,us,fireball,5,5 seconds,Round green sphere&#44 dropping beind the mountains&#44 and landing.,11/11/2003,45.6625000,-110.5602778
1/17/2004 19:30,browning,mt,us,formation,600,10:00,me and my family was driving home from cutbank MT when we saw a light that looked like a star but changing it proceeded to follow us,1/22/2004,48.5569444,-113.0125000
11/7/2004 20:30,lavina (near),mt,us,disk,3600,over an hour,Many unusual lights on one object.  ((NUFORC Note:  Twinkling star??  PD)),11/9/2004,46.2947222,-108.9372222
1/17/2013 20:00,kalispell,mt,us,circle,600,10 minutes,12 ufos flying together.,2/4/2013,48.1958333,-114.3119444
1/18/1995 19:30,deer lodge,mt,us,,3600,1 hour,Anonymous call regarding alleged multiple UFO sighting reports between Fairfield and Deer Lodge for 1 hour.,11/2/1999,46.3958333,-112.7291667
1/18/2010 19:03,dillon,mt,us,oval,5,5 seconds,I was setting in my livingroom reading a book.  My dog was barking excessivly. I looked out the window and saw a very brilliant pure wh,2/14/2010,45.2163889,-112.6366667
1/18/2010 19:15,whitehall,mt,us,sphere,2,a few seconds,brightly glowing aqua-greenish sphere comes straight down and land 50 yards out in our horse pasture with no noise and disappears.,2/14/2010,45.8708333,-112.0966667
11/9/2002 23:00,bozeman,mt,us,fireball,2,2 seconds,Fireball in Montana,11/16/2002,45.6797222,-111.0377778
11/9/2009 21:00,havre,mt,us,fireball,600,10 min.,Four short flashes of light in random areas of sky above Havre within short amount of time.,12/12/2009,48.5500000,-109.6833333
11/9/2011 19:40,big sky,mt,us,other,180,2-3 min,Hover craft pointing green laser into the sky,12/12/2011,45.2847222,-111.3675000
1/20/1999 19:30,butte,mt,us,diamond,60,1 min. app.,We were driving &amp; just cleared the top of the Continental Divide when we spotted a huge light in the sky just ahead of the car.  It was,2/16/1999,46.0038889,-112.5338889
1/20/2005 13:00,columbus,mt,us,disk,60,1 minute,Dark saucer-shape with human-like entities on board.  ((NUFORC Note:  Possibly not a serious report.  PD)),1/27/2005,45.6366667,-109.2513889
12/10/2013 19:00,great falls,mt,us,,1800,~30 minutes,Blue light beams coming from the sky to the ground.,12/12/2013,47.5002778,-111.3000000
12/11/2006 21:00,conrad,mt,us,changing,1350,22:30,Two sightings&#44 one occasion had three objects. shape changing.,12/14/2006,48.1702778,-111.9452778
1/21/1984 21:00,valier,mt,us,light,180,3 minutes,10-15 lights were seen in the sky south of Valier&#44 MT,12/2/2000,48.3077778,-112.2488889
1/21/2000 17:15,whitefish,mt,us,fireball,600,10 min.,we witnessed a large ball of light decending from the sky. it had 2 streamers of bright fire trailing from the back. judging from the s,9/6/2002,48.4111111,-114.3366667
1/21/2002 23:00,huntley,mt,us,rectangle,3600,11:00-12:00,My friends and I were walking around town when I looked into the sky and saw the 3 rectangle crafts flying through the air one shot a w,4/8/2002,45.8994444,-108.3008333
12/1/2004 23:40,shelby,mt,us,fireball,5,5sec,fireball/meteor,12/14/2004,48.5052778,-111.8561111
12/1/2013 23:45,great falls,mt,us,circle,30,30 seconds,Two orange spheres traveling on a due west heading.,1/10/2014,47.5002778,-111.3000000
1/21/2014 06:50,montana city,mt,us,changing,180,3 minutes,A bright&#44 white&#44 scintillating&#44 pencil-shaped light over the Elkhorn Mountains observed for 3 minutes.,1/30/2014,46.5377778,-111.9319444
12/13/2012 21:15,great falls,mt,us,fireball,10,10 seconds,4 dull orange colored orbs heading SW split into pair formation. No sound.,12/20/2012,47.5002778,-111.3000000
12/14/2005 08:05,columbia falls,mt,us,fireball,30,30 seconds,large firball falls behind columbia mountain,12/16/2005,48.3725000,-114.1805556
12/17/2005 18:50,st. ignatius,mt,us,light,120,2 minutes +,Huge bright light rotating recedes into distance and just fades out while I film.,2/14/2006,47.3200000,-114.0930556
12/17/2011 00:30,lame deer,mt,us,other,600,10 minutes,Tear Drop UFO Sighting on the Northern Cheyenne Reservation,1/12/2012,45.6230556,-106.6661111
12/19/2011 18:15,billings,mt,us,light,7,7 seconds,Ball of light at high velocity and frightning rate of descent.,1/12/2012,45.7833333,-108.5000000
12/20/1990 17:00,great falls,mt,us,light,3600,1:hr,i was looking out window doing laundry and cooking dinner in kitchen &#44i lived by malstrom airforce base&#44 i thought wow first time i see,10/11/2005,47.5002778,-111.3000000
12/21/2012 22:00,bozeman,mt,us,fireball,3600,1 hour,My husband and I were driving home from dinner and I looked out the window and noticed 5-6 glowing red/orange fireballs.  My first reac,2/4/2013,45.6797222,-111.0377778
12/21/2012 22:00,bozeman,mt,us,light,1200,20 minutes,7 to 8 white oval lights spotted overhead in Bozeman,2/4/2013,45.6797222,-111.0377778
12/23/2011 18:16,kalispell,mt,us,unknown,4,4 seconds,Object emitting Green and or Red light fell 1 mile away at 700 mph.,1/12/2012,48.1958333,-114.3119444
12/24/1999 07:45,augusta,mt,us,oval,600,10 min.,A small&#44brilliant light low in the sky&#44 when observed thru binoculars was seen to have a shimmering&#44unstable quality.  Slowly drifted d,1/7/2000,47.4927778,-112.3913889
12/25/2011 21:00,helena,mt,us,fireball,120,2 minutes,Orange ball in the night sky,1/12/2012,46.5927778,-112.0352778
12/27/2013 05:50,helena,mt,us,unknown,3,3 seconds,green ball of light fallin outta the sky in HELENA&#44 MT.,1/10/2014,46.5927778,-112.0352778
12/27/2013 21:00,missoula,mt,us,light,300,5 minutes,Chinese paper lanterns at  9pm or UFO&#39s?,1/10/2014,46.8722222,-113.9930556
12/28/2000 04:00,havre,mt,us,disk,300,5 min,Toy top looking saucer,1/3/2001,48.5500000,-109.6833333
12/29/2001 03:00,great falls,mt,us,triangle,240,4min,Large triangular craft observed over Great Falls Montana.,1/29/2002,47.5002778,-111.3000000
12/29/2003 04:10,helena,mt,us,sphere,5,5 seconds,On my way to work at 0410&#44 I witnessed a pulsating&#44 green orb descend diagonally in front of me.,1/17/2004,46.5927778,-112.0352778
12/29/2012 21:30,bozeman,mt,us,light,600,10 minutes,Its a clear night Just seen what I thought was abright star constilation cause they looked just like stars I thought I was lookig at th,2/4/2013,45.6797222,-111.0377778
12/30/1995 09:30,livingston,mt,us,fireball,10,10 secs,Close fireball flying at approx. 2000 mph flies over Interstate 90.,6/10/2003,45.6625000,-110.5602778
12/31/2012 22:40,bozeman,mt,us,fireball,300,5 minutes,4 lights/fireballs travelling from north to east&#44 moving slowly.  No sound.,2/4/2013,45.6797222,-111.0377778
12/31/2012 23:55,east helena,mt,us,oval,30,30 seconds,Orangy colored aircraft with faceted lights and traveling the pace of an airplane but disappeared vertically into the sky after 30 sec.,2/4/2013,46.5897222,-111.9147222
12/31/2013 20:00,bozeman,mt,us,other,600,~10 minutes,Balloon-shaped&#44 illuminated floating object in the night sky.,1/10/2014,45.6797222,-111.0377778
12/31/2013 22:30,bozeman,mt,us,sphere,2700,45 minutes,UFO&#39s over Bozeman&#44 MT?  12-31-2013.,1/16/2014,45.6797222,-111.0377778
1/23/1984 06:45,bozeman,mt,us,cigar,600,10 min,Driving on I-90 East toward Bozeman at 6:45 a.m. over the mountains a huge cigar shaped white object (looked like sun reflecting off of,3/17/2004,45.6797222,-111.0377778
1/23/1998 21:00,alberton,mt,us,circle,3600,1hr,Seen blinking in and out&#44 over the mountains overhead.  No sound came from it.  It stayed in the air for about an hour moving around. ,1/28/1999,47.0016667,-114.4725000
1/24/2002 17:00,whitetail,mt,us,flash,3,3 seconds,While driving home my sister and I witnessed a streak of light travel across the horizon and dissapear.,1/29/2002,48.8950000,-105.1627778
1/25/2005 18:25,great falls (14 miles north of),mt,us,fireball,2,two seconds,falling star that exploded into green sparks,1/27/2005,47.5002778,-111.3000000
12/5/2011 06:45,billings,mt,us,sphere,60,1 minute,Bright light in east&#44 falling&#44 the bouncing horizontally along the horizon&#44 then making a circle and shot up.,12/12/2011,45.7833333,-108.5000000
1/25/2014 20:53,belgrade,mt,us,diamond,60,1 minute,Diamond shaped object with multiple lights spies over belgrade montana.,1/30/2014,45.7761111,-111.1761111
1/25/2014 22:30,whitefish,mt,us,fireball,300,5 minutes,Orange ball of light over Whitefish&#44 MT.,1/30/2014,48.4111111,-114.3366667
12/6/2010 13:00,condon,mt,us,light,2,1-2 sec.,Unexplained bright light traverses back in tree line along a logging trail,1/5/2011,47.5277778,-113.7097222
1/28/1998 22:00,alberton,mt,us,oval,300,5min,Seen Oval in the sky hovering over the mountain.  Then started to move from east to south.  On the sides it had blue&#44white and red blin,1/28/1999,47.0016667,-114.4725000
1/29/1986 21:30,victor,mt,us,circle,300,5 min,large light and expelled 2 smaller round lights&#442 sm descended to the ground the large moved slow over the barn and moved out into the,5/24/1999,46.4166667,-114.1491667
12/9/2011 20:00,hardin,mt,us,triangle,7200,2 hours,BIG star like object with lights of all colors seen over Southeastern MT.  ((NUFORC Note:  Possible twinkling star??  PD)),12/12/2011,45.7325000,-107.6113889
1/30/2009 19:00,frenchtown,mt,us,disk,1200,20 min,Color and size changing object over the skies of Frenchtown&#44 MT.  ((NUFORC Note:  Possibly Venus.  PD)),3/19/2009,47.0150000,-114.2288889
1/30/2012 19:05,browning,mt,us,light,30,30 seconds,Two white lights traveling in unison die out,2/3/2012,48.5569444,-113.0125000
1/3/2008 24:00,bozeman (gallatin range),mt,us,oval,60,1 minute,Flash of light stops above the Gallatin Range hovers and then disappears to the south,1/21/2008,45.6797222,-111.0377778
1/4/2006 07:00,columbus,mt,us,fireball,60,60 sec,Fireball over&#44 and landing or hitting somewhere north of Columbus Mt&#44 in stillwater county,2/14/2006,45.6366667,-109.2513889
1/4/2007 06:14,manhattan,mt,us,fireball,15,15 seconds,Orange flame colored comet-like object travelling North to South over Manhattan&#44 Montana.  Silent.,2/1/2007,45.8566667,-111.3316667
1/4/2012 12:11,bonner,mt,us,unknown,15,15 seconds,Light seen moving north east over I-90 at cloud level between Bonner and Potomac.,1/12/2012,46.8733333,-113.8636111
1/5/1995 21:00,shelby,mt,us,unknown,120,2 minutes,USAF officer at Malmstrom AFB relays sighting rept. from Shelby&#44 MT.  Two obj. which moved silently.,11/2/1999,48.5052778,-111.8561111
1/6/2012 21:50,kalispell,mt,us,rectangle,600,6 to 10min,Sighting of three craft over Kalispell MT&#44 in a triangle flight pattern.,1/12/2012,48.1958333,-114.3119444
1/6/2013 19:00,whitefish,mt,us,other,120,2 minutes,Spotted being seen by don k chevrolet and glacier bank right in town headed torward  glacier park four leaf clover shaped ship lots of,2/4/2013,48.4111111,-114.3366667
1/7/2014 21:40,missoula,mt,us,sphere,45,30-45 seconds,Powerful blue light flying around and changing color.,1/10/2014,46.8722222,-113.9930556
1/9/2003 16:50,havre,mt,us,fireball,600,10 minutes,Fireball object with long&#44 flowing tail,3/11/2003,48.5500000,-109.6833333
1/9/2004 19:48,butte,mt,us,formation,600,7-10 minutes,Unusual formation of lights entrances witnesses,1/17/2004,46.0038889,-112.5338889
2/10/1979 09:30,helena,mt,us,disk,300,appox.5 min,Saucer shaped object hovering on ridge between two mountain peaks..about 300 yds out.,4/16/2005,46.5927778,-112.0352778
2/11/2006 01:00,missoula,mt,us,sphere,1500,25+ minutes,I think I saw the same object of the report posted for the same date.  Video if same thing.,3/11/2006,46.8722222,-113.9930556
2/11/2006 02:00,missoula,mt,us,formation,1800,30 min.,A color changing circle with wavy edges and a beam coming out the bottom.  ((NUFORC Note:  Possible sighting of Sirius??  PD)),2/14/2006,46.8722222,-113.9930556
2/11/2006 22:00,bozeman,mt,us,fireball,15,15 sec,Fireball of green/orange seen above SW Montana.,2/14/2006,45.6797222,-111.0377778
2/12/2013 19:30,harrison,mt,us,diamond,120,2 minutes,Harrison MT  UFO,2/18/2013,45.7008333,-111.7855556
2/12/2014 20:40,missoula,mt,us,fireball,300,5 minutes,8 flaming red lights moving across the sky,2/14/2014,46.8722222,-113.9930556
2/13/2014 21:38,butte,mt,us,light,900,15 minutes,Multiple white flying objects flying in night sky.,2/14/2014,46.0038889,-112.5338889
2/13/2014 21:38,butte,mt,us,light,900,15 minutes,White/organge lights moving in night sky,2/21/2014,46.0038889,-112.5338889
2/18/2003 18:20,billings,mt,us,cross,120,several minutes,two black objects seemed like they fluttered,3/11/2003,45.7833333,-108.5000000
2/18/2007 20:00,hays,mt,us,fireball,600,10 minutes,Moving&#44 red&#44 yellow&#44 orange&#44 blue&#44 green dancing and blinking in the western sky near Hays.  ((NUFORC Note:  Venus??  PD)),2/24/2007,47.9891667,-108.6936111
2/18/2014 22:30,lame deer,mt,us,unknown,600,10 minutes,Orange lights slowly from south to north.,2/21/2014,45.6230556,-106.6661111
2/19/2008 06:50,stevensville,mt,us,unknown,2,2 seconds,Moving bright object over St. Mary&#39s Peak. ((NUFORC Note:  Dramatic meteor at 05:28 hrs..  PD)),3/4/2008,46.5100000,-114.0922222
2/20/1976 22:00,baker,mt,us,oval,1200,20 minutes,mysterious light follows car at a distance and shoots down into the valley,3/11/2006,46.3669444,-104.2841667
2/20/1998 20:30,kalispell,mt,us,light,180,2 to 3 minutes,I saw a orange light slightly brighter and bigger than a star travelling in a direction of ESE.,1/28/1999,48.1958333,-114.3119444
2/21/2008 01:38,butte,mt,us,light,600,10 mins,Strange Light Over Timber Butte,3/4/2008,46.0038889,-112.5338889
2/2/2014 22:00,billings,mt,us,light,60,1 minutes,Bright red light traveling skyward at great speed.  Many tight movements upwards&#44 unlike what man-made craft could possibly do.  Light,2/7/2014,45.7833333,-108.5000000
2/24/2004 22:30,lodge grass,mt,us,light,120,several minutes,During the evening of February 24&#44 2004&#44 the town of Lodge Grass was surprised to see several lights hovering above the cemetary.  This,3/2/2004,45.3144444,-107.3625000
2/25/2005 02:00,seeley lake,mt,us,light,1800,30 minutes +,((NUFORC Note:  We have amended the date above.  We suspect a sighting of Sirius.  PD)) Unusual ball(s) of light in Montana sky,5/24/2005,47.1794444,-113.4836111
2/26/2009 21:15,santa rita,mt,us,oval,1200,20 minutes,oval shaped object over Rocky Mountains,3/19/2009,48.7005556,-112.3191667
2/28/1986 06:00,victor,mt,us,circle,480,8 min.,Just below the mountain top a light appeared. After a few seconds the light became larger slowly came east 15ft off the ground then cli,5/24/1999,46.4166667,-114.1491667
2/3/2008 19:30,billings,mt,us,light,300,5 minutes,Very bright light&#44 slow moving object that made no audible noise.,2/14/2008,45.7833333,-108.5000000
2/4/2003 18:20,billings,mt,us,changing,180,3min.,Glowing object appears to be  luminiscent balloon but dissappears rapidly to the SE at high speed.,3/11/2003,45.7833333,-108.5000000
2/5/2014 19:30,columbia falls,mt,us,light,600,5-10 minutes,Extremely bright light south west of Columbia Falls,2/7/2014,48.3725000,-114.1805556
2/7/2013 23:45,paradise,mt,us,other,300,5 minutes,Strange light(s) in sky with interesting trajectory vanishes into nothingness.,2/18/2013,47.3894444,-114.8011111
2/7/2014 17:30,hamilton,mt,us,oval,3,2-3 seconds,Green org zoomed over Hamilton while still daylight.,2/14/2014,46.2469444,-114.1594444
2/7/2014 18:00,bozeman,mt,us,circle,3,3 seconds,Saw a bright green superbollide meteor&#44 visible during twilight.  Green.,2/14/2014,45.6797222,-111.0377778
2/8/2008 18:00,havre,mt,us,triangle,9000,2.5 hours,Mutiple wtinesses see UFO over Havre Montana,2/14/2008,48.5500000,-109.6833333
2/8/2012 19:00,florence,mt,us,unknown,600,10 min.,Bright light above Florence&#44 Mt.,2/10/2012,46.6316667,-114.0780556
2/9/2002 19:45,boulder,mt,us,oval,5,<5 seconds,Glimpse of large bright object low to horizon in trajectory disappearing behind ridge.,3/19/2002,46.2366667,-112.1200000
3/10/1989 22:30,sheridan,mt,us,,300,a good 5 min.,a rollercoaster exploding star evrywidely twisting outword &amp; back into one very bright  orangeishred light &#44then it was gone.,9/17/2000,45.4555556,-112.1961111
3/10/2010 00:23,huson,mt,us,circle,120,several minutes,Three large circular crafts moving towards Missoula.,4/13/2010,47.0313889,-114.3263889
3/10/2012 23:00,hardin,mt,us,flash,1200,20 minutes,Flashing light moving fast changing color.  ((NUFORC Note:  Possible sighting of Sirius??  PD)),5/13/2012,45.7325000,-107.6113889
3/11/2010 19:30,havre,mt,us,light,1800,30 minutes,Multiple sightings in the Havre area&#44 3 known witnesses,4/13/2010,48.5500000,-109.6833333
3/11/2010 19:30,havre,mt,us,other,3600,1 hour,3 Bright yellow lights and 2 small red ones,4/13/2010,48.5500000,-109.6833333
3/1/1999 18:30,butte,mt,us,disk,3,3 seconds,Small disk in a blizzard totally unaffected,8/5/2001,46.0038889,-112.5338889
3/13/1997 20:35,libby,mt,us,light,90,1.5 minutes,fuzzy ball of light  hovers then rapidly streaks  accross the sky in a southernly direction/8:35PM 3/13/97,3/2/2004,48.3883333,-115.5550000
3/14/2003 19:00,great falls,mt,us,unknown,2,seconds,Light Explosion,12/7/2006,47.5002778,-111.3000000
3/14/2010 20:30,bozeman,mt,us,light,300,5 mins,Bright light in sky then fades,4/13/2010,45.6797222,-111.0377778
3/14/2010 21:30,great falls,mt,us,light,4,3-4 seconds,2 or 3 orange lights moved from west to east over Great Falls&#44 MT&#44 very fast&#44 silent&#44 March 14/15&#44 2010,4/13/2010,47.5002778,-111.3000000
3/14/2012 23:00,anaconda,mt,us,triangle,300,5 minutes,Something Triangle shape with red and white lights circling the ground,3/16/2012,46.1286111,-112.9413889
3/15/1978 01:00,lolo,mt,us,light,180,maybe 2 - 3 minutes,The animals were in terror.,10/31/2003,46.7588889,-114.0800000
3/15/2011 12:00,glasgow,mt,us,circle,345600,3-4 days,((HOAX))  Alien dog fight.,5/29/2011,48.1969444,-106.6361111
3/16/2004 22:00,kalispell,mt,us,fireball,1800,30 minutes,Bright light getting brighter and shrinking to its&#39 center a beacon went back and forth across the sky.  ((NUFORC Note:  Venus.  PD)),3/17/2004,48.1958333,-114.3119444
3/20/1997 20:25,whitefish,mt,us,light,10,5-10 secs,orange lights (not shaped likeaircraft) about 1000 feet overheadfollowed closely by jet (wingsvisible naked eye).  Only soundsof one ai,3/7/1998,48.4111111,-114.3366667
3/20/2004 19:50,kalispell,mt,us,light,300,5 miutes,A slow large starlike&#44high object&#44followed us to driveway&#44stopped&#44then high speed flee into red speck lite,4/27/2004,48.1958333,-114.3119444
3/21/2004 20:30,lewistown,mt,us,fireball,180,3 minutes,Object with blueish tail impacts NW of Lewistown Montana,3/23/2004,47.0625000,-109.4275000
3/2/2002 20:20,malta,mt,us,fireball,180,approx.3 min.,bright orange-red ball in sky,3/19/2002,48.3597222,-107.8736111
3/2/2006 19:15,butte,mt,us,chevron,10,10 seconds,Triangle or boomerang shaped silent craft over Butte Montana March 2&#44 2006  19:15 local,3/11/2006,46.0038889,-112.5338889
3/24/2007 21:00,butte,mt,us,light,300,5 min,bright lights over butte &amp; rocker&#44 MT,4/27/2007,46.0038889,-112.5338889
3/24/2012 20:28,billings,mt,us,light,480,8 minutes,Approx. 7 lighted objects in a Northeast to Southwestern travel pattern above Billings Heights.,5/13/2012,45.7833333,-108.5000000
3/24/2014 21:39,poplar,mt,us,disk,14400,4 hours,I was at work at the jail when. I heard the 911 dispatch asked for 10 code for a UFO. So I called my husband right away and asked him i,3/27/2014,48.1130556,-105.1977778
3/26/2011 18:00,billings,mt,us,other,300,3-5 minutes,Silver oblong object in the sky&#44 turned to a light and back again.,4/3/2011,45.7833333,-108.5000000
3/27/2004 18:23,plains,mt,us,disk,2820,47 minutes,On March 27 6:23 P.M. me and jumbo saw two oval shaped and brightly lit saucers flying south over Plains Montana.,3/29/2004,47.4602778,-114.8819444
3/27/2012 22:51,bozeman,mt,us,triangle,600,apx 10 minutes,Triangular object moving SSE&#44 observed a week prior at same hour.,5/13/2012,45.6797222,-111.0377778
3/27/2012 23:00,big sky,mt,us,triangle,900,15 mins,Strange lights over Big Sky&#44 MT.,5/13/2012,45.2847222,-111.3675000
3/27/2012 23:00,bozeman,mt,us,unknown,180,2-3 minutes,UFO sighting in Bozeman Montana at approximately 11:00 pm on March 27th&#44 2012.,5/13/2012,45.6797222,-111.0377778
3/29/2008 20:00,butte,mt,us,teardrop,300,5 min,A big orb chases a smaller orb across the sky and disappears.,3/31/2008,46.0038889,-112.5338889
3/29/2012 02:00,clinton,mt,us,triangle,60,1 minute,Large triangular&#44 yellow object hovering above mountains near Clinton Mt.,5/13/2012,46.7691667,-113.7116667
3/30/2004 20:48,arlee,mt,us,unknown,120,2 minutes,Orange steady light&#44 white flashing light&#44 silent&#44 moving South above Arlee.,4/9/2004,47.1619444,-114.0841667
3/31/1987 23:00,east helena,mt,us,triangle,300,5 mins,Triange hovers over highway&#44 moves at increasing speed over highway then disappears,2/14/2006,46.5897222,-111.9147222
3/4/2008 22:30,missoula,mt,us,triangle,300,5 minutes,Reddish-Orange Object Above Blue Mountain - Missoula&#44 Montana,3/31/2008,46.8722222,-113.9930556
3/4/2013 04:06,harrison,mt,us,unknown,4,4 seconds,Unidentified light flashes.,4/12/2013,45.7008333,-111.7855556
3/5/2007 18:35,billings,mt,us,oval,3,3 seconds,Two very bright lights moved quickly across the sky at about 8:30 pm MST.  Object appeared oval or egg shaped.,3/8/2007,45.7833333,-108.5000000
3/5/2012 20:00,jordan (sr mt200&#44 westbound),mt,us,unknown,7200,2 hrs,For two hours we saw bright lights flying very low in MT. very close to us. Dimming&#44 off&#44 bright.,3/13/2012,47.3208333,-106.9094444
3/6/2005 17:00,great falls,mt,us,cigar,600,10 min,My son &amp; I were driving down the road when I noticed a strange objet in the sky.  The sky was clear blue and the object was in the shap,5/11/2005,47.5002778,-111.3000000
3/7/1998 22:00,chinook,mt,us,changing,7200,2hours,I was outside of my house&#44admiring the night sky&#44when I noticed an object streak across the sky and then stop very quickly. Then anothe,1/28/1999,48.5900000,-109.2305556
3/7/2005 20:30,bozeman,mt,us,,900,12-15 mins.,As my daughters and I sat in our hot tub out back....my oldest daughter asked about a &quot;green star.&quot;  I looked up and saw what looked li,5/11/2005,45.6797222,-111.0377778
3/7/2010 21:20,missoula,mt,us,triangle,300,5 minutes,Bright Red Triangle object hovering in sky.,4/13/2010,46.8722222,-113.9930556
3/8/2007 22:00,butte,mt,us,light,60,1 min,light in the western skys of butte.  ((NUFORC Note:  Venus??  PD)),4/27/2007,46.0038889,-112.5338889
3/9/2001 20:19,bozeman (i-90 west&#44  20-30 miles before),mt,us,oval,120,2 min.,three seperate object&#44 the center light was a red triangle in a light fog,4/1/2001,45.6797222,-111.0377778
4/10/2008 21:48,butte,mt,us,light,180,2 to 3 minutes,My sighting tonight has me more freaked out than ever. Even though Im a science nut and enjoy reading about the history of UFO&#39s and se,6/12/2008,46.0038889,-112.5338889
4/1/1986 22:00,red lodge (6 mi n; hwy 212),mt,us,unknown,90,1.5 min,Definitely an aircraft but totally silent and very slow.,1/11/2002,45.1858333,-109.2461111
4/12/1998 23:00,whitefish,mt,us,unknown,5400,90 minutes,Saw bright &quot;star&quot; that changed into red&#44 white&#44 and blue lights.  Emitted a beam of light in a horizontal sweep of the sky.  Darted hor,1/28/1999,48.4111111,-114.3366667
4/15/2007 23:30,park city,mt,us,unknown,300,4-5 minutes,Unknown object over rural country town.,4/27/2007,45.6327778,-108.9172222
4/16/1995 10:30,great falls,mt,us,oval,600,10 minutes,Metallic Oval hovers in broad daylight at Great Falls International Airport,3/19/2009,47.5002778,-111.3000000
4/16/1999 22:10,butte (approx 40 miles s. of&#44 on nb interstate 15),mt,us,light,900,15 min,Low flying red &amp; white light&#44 traveling from left to right&#44 which stopped mid air&#44 darted backward&#44 spun around and drift/darted around,10/12/2001,46.0038889,-112.5338889
4/16/2006 02:00,missoula,mt,us,light,300,5 minutes,A bright white light like I&#39ve never seen before,5/13/2012,46.8722222,-113.9930556
4/16/2013 22:00,townsend,mt,us,cigar,3600,1 hour,The first strange thing I noticed was three bright white lights in a row above our Elk Horn Mountains. I looked around the sky and I no,5/15/2013,46.3191667,-111.5200000
4/17/1992 23:45,billings,mt,us,disk,300,5 min,One Disk shaped object with many colored lights.,10/31/2003,45.7833333,-108.5000000
4/18/2001 21:00,lame deer,mt,us,disk,2700,35 to 45 minutes,Town sees ufo.,1/17/2004,45.6230556,-106.6661111
4/18/2010 20:00,missoula,mt,us,unknown,5,5 seconds,Single steady white light cruising&#44 then tears out into space having an orange glow behind it.,3/16/2012,46.8722222,-113.9930556
4/19/2008 01:20,kalispell,mt,us,triangle,1200,20 minutes,Two objects seen flying&#44 stopping&#44 and then dissipating.,6/12/2008,48.1958333,-114.3119444
4/20/1997 19:00,billings,mt,us,light,600,10 minutes,One arc light over billing montana.,12/20/2012,45.7833333,-108.5000000
4/20/2014 22:52,whitehall,mt,us,light,180,3 minutes,Out with dogs one really big bright light and 1 small light 2 min observation. The disappeared quickly.,4/24/2014,45.8708333,-112.0966667
4/23/2011 01:00,whitefish,mt,us,triangle,60,1 minute,Triangle ufo whitefish montana,5/29/2011,48.4111111,-114.3366667
4/24/2000 23:30,great falls,mt,us,unknown,300,3-5 minutes,Beam of light in field&#44 no visble object and no noise&#44 approximitely a mile or less away&#44,8/5/2012,47.5002778,-111.3000000
4/27/2014 00:32,kalispell,mt,us,sphere,5,5 seconds,Playing games and watching tv&#44 out of the corner of the eye and for a duration. Spotted a bright green orb moving very fast got outside,5/2/2014,48.1958333,-114.3119444
4/28/1996 01:30,kalispell,mt,us,,3,3 sec.,Four teenagers on hill see immense&#44 very bright ball of greenish-white light streak vert. down&#44 hit ground 20 miles (?) to SW. Silent.,11/2/1999,48.1958333,-114.3119444
4/3/2001 21:00,bigfork,mt,us,light,3,2 -3 seconds,Don&#39t know what this was. It looked like pictures of comets I have seen. The head of the light was large in the sky&#44 comparing it with,4/28/2001,48.0633333,-114.0716667
4/3/2014 20:20,billings,mt,us,light,60,1 minute,3 bright red lights over Billings&#44 Montana.,4/4/2014,45.7833333,-108.5000000
4/6/1996 22:07,billings,mt,us,,10,10 sec.,Man in hot tub sees 2 very bright objs. side by side streaking S to N&#44 both suddenly stop.  Joined by 3rd obj. from NW.  Streak off.,8/5/2001,45.7833333,-108.5000000
4/6/1999 22:50,columbia falls,mt,us,triangle,5,5 sec,Triangle&#44 approx 75 degree&#44 5 bluish lights-tip &amp; 2 each side&#44 NE to SW&#44 No Sound&#44 Fast&#44 Large.,4/26/1999,48.3725000,-114.1805556
4/7/2004 14:00,columbia falls,mt,us,light,240,3-4 minutes,A stationary light grew in brightness and then dimmed until it was not visible in the daytime sky.,4/9/2004,48.3725000,-114.1805556
4/7/2005 20:00,st. ignatius,mt,us,sphere,3,3 seconds,four to five&#44 silver/headlight like spheres&#44 leap frogging through the clouded sky above Mission Range MT.,4/16/2005,47.3200000,-114.0930556
5/10/2010 22:55,havre,mt,us,light,300,5 minutes,Saw Three Bright Lights,5/12/2010,48.5500000,-109.6833333
5/10/2010 22:55,havre,mt,us,light,300,5 minutes,Sonic Boom followed by 3 UFOs,5/12/2010,48.5500000,-109.6833333
5/10/2012 22:30,bozeman,mt,us,light,2,seconds,4 lights&#44 flying east&#44 unusual trajectory&#44 lasting only seconds. No sound.,5/13/2012,45.6797222,-111.0377778
5/1/1994 22:00,great falls,mt,us,sphere,300,about 5 minuts,Ghost like bright sphere wobleing and hovering and folwoing me,12/12/2011,47.5002778,-111.3000000
5/1/2004 02:00,butte,mt,us,triangle,120,2minutes,I was driving east from Continental Drive onto Farrell Street and I saw an aircraft I thought was a small plane.  I thought&#44 &quot;what kind,6/18/2004,46.0038889,-112.5338889
5/1/2004 23:30,helena,mt,us,triangle,240,4 min.,appx. 50&#39 triangular&#44 lighted craft hovering @ 100&#39&#44 then moving away proportionately as I approached.,5/10/2004,46.5927778,-112.0352778
5/1/2012 01:30,dayton,mt,us,unknown,120,2 minutes,Saw two UFO&#39s circle plane while watching northern lights.,11/20/2013,47.8658333,-114.2780556
5/12/2012 21:10,missoula,mt,us,sphere,5,5 seconds,Single ufo&#39s spotted within 2 days of one another in Missoula Montana,7/4/2012,46.8722222,-113.9930556
5/14/2012 23:00,missoula,mt,us,light,7,7 seconds,2nd UFO sighting in Missoula Mt. in the space of 2 days,7/4/2012,46.8722222,-113.9930556
5/14/2013 21:30,florence,mt,us,light,300,5 minutes,3 pulsating red lights crossing the valley.,6/2/2013,46.6316667,-114.0780556
5/16/2012 00:00,lozeau,mt,us,triangle,480,8 minutes,IT WAS MIDNIGHT&#44 AND MY NEIGHBOR WENT OUTSIDE TO PUT HIS DOGS IN THE KENNEL&#44 AND OBSERVED A BLACK TRIANULAR SHAPED CRAFT&#44 BELIEVED TO B,5/29/2012,47.1166667,-114.7791667
5/18/1993 03:00,box elder (rocky boys&#39 indian agency),mt,us,triangle,3600,1 hour,It was big and moved real slow.,7/16/2006,48.3172222,-110.0125000
5/18/2010 22:00,helena,mt,us,disk,120,two mins.,disk shaped object/ military choppers all around the object,6/3/2010,46.5927778,-112.0352778
5/20/2002 19:30,butte,mt,us,unknown,600,00:10:00,Butte&#44 Montana May 2002:  A star appears to move&#44 and is destroyed by some sort of missile or kamikazee spaceship.,8/7/2007,46.0038889,-112.5338889
5/20/2004 03:00,superior,mt,us,formation,600,10 minutes,Pictures of night-flying UFOs over Superior&#44 MT,6/4/2004,47.1916667,-114.8908333
5/20/2005 00:30,cut bank,mt,us,light,1800,30 minutes,My wife and I were coming from a late night movie in Cut Bank&#44 MT.,4/27/2007,48.6330556,-112.3252778
5/21/1997 04:00,wolf point,mt,us,fireball,300,5 minutes,Ball of light in Wolf Point Montana May 21&#44 1997,11/28/2007,48.0905556,-105.6400000
5/2/2012 23:30,columbia falls,mt,us,,600,10 minutes+,Very bright orange light&#44 strobes&#44 fades&#44 brightens&#44 moves&#44 disappears&#44 reappears in Flathead Valley.,5/13/2012,48.3725000,-114.1805556
5/22/2001 00:01,kalispell,mt,us,light,1200,20mins,two friends of was camping in kalispell&#44 MT. on 5-22-01 at 12 midnight soll a white object in the sky it look like it was flying around,8/5/2001,48.1958333,-114.3119444
5/22/2009 04:30,east helena,mt,us,changing,2700,45 min,Extreamly bright circular light floating &amp; changing shape in the early morning sky.,6/9/2009,46.5897222,-111.9147222
5/23/2003 23:35,havre,mt,us,formation,120,2 minutes,I saw what was either a craft shaped like a triangle&#44 or three seperate crafts&#44 flying in formation.,5/27/2003,48.5500000,-109.6833333
5/25/2013 22:30,butte,mt,us,triangle,600,10 minutes,3 white lights in a triangle formation.,6/2/2013,46.0038889,-112.5338889
5/26/2001 21:00,worden,mt,us,unknown,2,just a few seconds.,Small blueish-yellow/white light in the hills a few miles south of Worden&#44 MT.,7/16/2003,45.9600000,-108.1602778
5/26/2011 01:00,augusta,mt,us,light,120,1-2 minutes,ICBM Sites Augusta&#44 Montana&#44 1:00 A.M.  brilliant lights&#44 greenish red orb&#44 with no contrails on vanishing.,5/29/2011,47.4927778,-112.3913889
5/28/2012 23:11,crow agency,mt,us,unknown,1800,30 minutes,9 orange-red lights over Crow Agency&#44 MT,5/29/2012,45.6016667,-107.4605556
5/29/2012 23:00,bozeman,mt,us,sphere,360,5 -6 minutes,Observer is familiar with night skies due to interest in astronomy and nightly airline traffic&#44  and experienced with scientific observ,6/5/2012,45.6797222,-111.0377778
5/29/2012 23:30,hamilton,mt,us,light,15,15 seconds,Large intense white bright light in the late evening of May 29&#44 2012&#44 near Hamilton&#44 MT,6/5/2012,46.2469444,-114.1594444
5/6/2007 09:45,missoula,mt,us,cone,300,5 minutes,Strange object enters atmosphere above Montana causing earthquake when it struck the earth...,6/12/2007,46.8722222,-113.9930556
5/8/1972 16:00,livingston,mt,us,fireball,4,3-4 seconds,1972 fireball,8/5/2001,45.6625000,-110.5602778
6/10/1970 13:00,kalispell,mt,us,cigar,1,1 sec,Cigar shaped&#44 silver object seen briefly over Kalispell&#44 Montana,12/12/2011,48.1958333,-114.3119444
6/11/2012 02:00,kalispell,mt,us,light,120,two minutes,Bright light speeds out of atmosphere,6/14/2012,48.1958333,-114.3119444
6/11/2012 23:00,hot springs,mt,us,,3,2 to 3 seconds,Orange fireball falling from sky in the north.,6/20/2012,47.6091667,-114.6677778
6/1/1966 23:00,billings,mt,us,light,240,3 to 4 min,Bright white object over Billings&#44 MT,5/13/2012,45.7833333,-108.5000000
6/1/1968 18:00,billings,mt,us,circle,120,1-2 minutes,Round object with colored lights disappears instantly,6/12/2007,45.7833333,-108.5000000
6/1/1969 13:00,highwood,mt,us,disk,900,15 minutes,Black disc floating towards Great Falls.,2/3/2012,47.5836111,-110.7894444
6/1/1969 17:00,highwood,mt,us,disk,1800,30 min,Black disc floating towards Great Falls with bright spotlight.,2/3/2012,47.5836111,-110.7894444
6/1/1982 21:00,great falls,mt,us,circle,259200,3 days,Another troubling episode that has been even harder to explain when considering aspects of the Kicksburg&#44 Pennslyvania UFO Sighting.,8/12/2008,47.5002778,-111.3000000
6/1/1993 22:00,billings,mt,us,light,20,20 seconds,3 individual lights flying at night straight up in the sky.,4/27/2007,45.7833333,-108.5000000
6/12/1960 14:30,great falls,mt,us,formation,1200,20 minutes,SAC at Malstrom AF Base not Concerned&#33,4/27/2004,47.5002778,-111.3000000
6/12/2013 22:45,kalispell,mt,us,egg,1200,20 minutes,Bright Orb/Sphere in western sky with Red/Blue/Green rotating lights.,7/3/2013,48.1958333,-114.3119444
6/12/2013 23:35,kalispell,mt,us,light,900,15 minutes,Orange circle (Like a super large sun at night) twice the size of a full moon.,7/3/2013,48.1958333,-114.3119444
6/13/2005 13:55,elk park,mt,us,triangle,60,< 1 minute,Silver triangle shaped crafts hovering in a formation,6/20/2005,46.1650000,-112.3713889
6/14/2009 22:10,livingston,mt,us,light,1,1 sec.,pinkish light launches straight up into low hanging clouds,8/5/2009,45.6625000,-110.5602778
6/15/1959 01:00,missoula (event at superior),mt,us,unknown,20,20 consec nights,Twenty nights of stalking&#44 apparent abduction attempts by Grey &quot;alien&quot; creatures&#44 1959.,6/6/2000,46.8722222,-113.9930556
6/15/1964 11:00,great falls,mt,us,sphere,1800,30 min.,As I watched&#44 they formed a circle at 1000 plus feet which must have been close to 1/4 mile accross.,5/27/2003,47.5002778,-111.3000000
6/15/1994 23:00,darby,mt,us,unknown,300,5 minutes,Stars moving in a straight line.,2/18/2001,46.0227778,-114.1772222
6/15/2011 19:00,great falls,mt,us,chevron,10,about 10 sec,Boomerang shaped object seen in daylight at Great Falls&#44 Montana.,6/20/2011,47.5002778,-111.3000000
6/15/2013 02:15,billings,mt,us,changing,240,3-4 minutes,Shape changing craft above my house for 3 to 4 minutes&#33&#33,7/3/2013,45.7833333,-108.5000000
6/16/2007 01:00,missoula,mt,us,light,10,10 sec,Bright white light moving steadily east and up&#44 disappearing into space&#44 over Missoula&#44 MT.,8/7/2007,46.8722222,-113.9930556
6/17/2007 08:00,stevensville,mt,us,triangle,960,16 minets,6/17/07 WAS OUT SIDE SEING MY GIRL OFF TO WORK AS SHE LEFT  I LOOKET UP IN THE SKY ((NUFORC Note:  Perhaps not a serious report??  PD)),8/7/2007,46.5100000,-114.0922222
6/18/2009 21:42,troy,mt,us,diamond,120,2 minutes,Diamond shaped object with NO sound moving from south to north,8/5/2009,48.4633333,-115.8886111
6/19/2007 20:10,missoula,mt,us,unknown,5,approximately five second,Object falling from the sky east of Missoula,8/7/2007,46.8722222,-113.9930556
6/20/1999 23:00,three forks (north of),mt,us,fireball,3,2-3 seconds,Just heard Peter on Art&#39s show talk about the arc welder in the sky&#44 and it crossed from north east to the south west over south centra,7/5/1999,45.8925000,-111.5513889
6/21/2001 00:00,lewistown,mt,us,circle,2700,45 min,Bright light from sattelite sized object pans area in which we were camping,8/5/2001,47.0625000,-109.4275000
6/21/2001 02:52,harlowton,mt,us,circle,20,20 seconds,white orb that lasts for 20 seconds and then disappears.,6/27/2011,46.4355556,-109.8336111
6/2/2012 21:45,billings,mt,us,fireball,300,5 minutes,Ten or more orange fireballs moving southerly along the east edge of Billings&#44 MT.,7/4/2012,45.7833333,-108.5000000
6/2/2012 21:55,big sky,mt,us,triangle,300,5 minutes,First 3 and after one more orange lights appeared and 5 min. after disappeard.,6/5/2012,45.2847222,-111.3675000
6/2/2012 22:50,bozeman,mt,us,formation,300,5 minutes,Reddish formation of dots in &quot;Y&quot; shape,7/4/2012,45.6797222,-111.0377778
6/2/2012 23:17,bozeman,mt,us,formation,600,10 minutes,Four orange lights brighter than stars moving erratically and forming a Y,6/20/2012,45.6797222,-111.0377778
6/22/1998 01:30,belgrade (outside&#44 dry creekroad),mt,us,unknown,3600,1 hour,6.22.98-1:30 am : red flashing lights (flashing in two different sequences)hovering over a rural area.one of the lights was near belgra,11/21/1998,45.7761111,-111.1761111
6/22/2002 16:00,butte,mt,us,,180,3 min.,Formation of 6-7 objects sighted over Butte&#44 MT.,7/1/2002,46.0038889,-112.5338889
6/22/2002 16:00,butte,mt,us,formation,180,3 mins,FORMATION ABOVE BUTTE..,7/1/2002,46.0038889,-112.5338889
6/22/2002 16:00,butte,mt,us,formation,240,3-4 mins,silent formation above butte MT.,7/26/2002,46.0038889,-112.5338889
6/23/2012 22:30,miles city,mt,us,fireball,120,2 minutes +,UFO/Fireball Seen in Miles City&#44 Montana,8/5/2012,46.4083333,-105.8400000
6/24/2008 00:00,whitefish,mt,us,light,15,15 seconds,A small traveling light in the sky increased in brightness and then faded away.,7/5/2008,48.4111111,-114.3366667
6/24/2013 23:58,custer,mt,us,light,30,30 seconds or less,Yellow fast moving object&#44 west of Custer&#44 MT / Did it land?,8/30/2013,46.1291667,-107.5544444
6/25/2009 02:00,missoula,mt,us,light,14400,4 hours,Bright orbs hover for hours.,8/5/2009,46.8722222,-113.9930556
6/25/2009 10:00,missoula,mt,us,light,14400,4 hours,Bright white orb hovers for over 4 hours.  ((NUFORC Note:  Probable star.  PD)),8/5/2009,46.8722222,-113.9930556
6/26/2000 00:15,bozeman,mt,us,light,15,15 seconds,2 men see strange light  &quot;driving&quot; around in the sky north  of bozeman.,7/29/2000,45.6797222,-111.0377778
6/26/2005 00:00,whitefish,mt,us,circle,60,1 minute,Bright flying object with red and white flashing lights&#44 soundless&#44 moving erradically.,7/5/2005,48.4111111,-114.3366667
6/27/2001 02:15,missoula,mt,us,changing,5,4-5sec,fastest craft must be huge,8/5/2001,46.8722222,-113.9930556
6/28/1998 22:00,craig (5 miles east of),mt,us,oval,10,10 seconds,On the above date and time&#44 myself and two others were camping on my property 5 miles east of Craig&#44 Mt. in the Big Belt Mts. The sky w,8/5/2001,47.0744444,-111.9625000
6/29/2013 00:15,polson,mt,us,fireball,8,8 seconds,DULL RED/ORANGE OBJECT&#44 LOOKED LIKE IT WAS ON A LOW ORBIT&#44 THIS LASTED ABOUT 8 SECONDS.,7/3/2013,47.6936111,-114.1622222
6/30/1991 14:30,whitefish,mt,us,disk,900,15minutes,Flying Saucer from north (Canada) descends on Whitefish&#44 Montana&#44 hovers silently&#44 gone like a bullet.,1/10/2009,48.4111111,-114.3366667
6/30/1997 01:00,bigfork,mt,us,triangle,20,20 seconds,I woke up balf a sleep shook x-husband said do you see the light? he raised up half way said &#39ya&#39 and he fell back to sleep i looked at,3/11/2006,48.0633333,-114.0716667
6/30/2008 18:00,wolf point,mt,us,sphere,120,a few minutes,Multiple witnesses observe small light near ground get large and fly off into the sky.,7/5/2008,48.0905556,-105.6400000
6/30/2009 02:30,missoula,mt,us,sphere,5,hours,Third sighting in 2 weeks&#44 bright glowing solid white/yellow orb over Montana;  definitely not a star or planet; moving slowly,8/5/2009,46.8722222,-113.9930556
6/30/2013 23:00,bozeman,mt,us,unknown,180,3 minutes,White flash&#44 traveling light&#44 bright white light.,7/3/2013,45.6797222,-111.0377778
6/4/2013 23:00,bozeman,mt,us,disk,120,2 minutes,An Extremely Bright And Quiet Ball Of Fast Moving Light,7/3/2013,45.6797222,-111.0377778
6/5/2002 22:10,browning,mt,us,fireball,4,4seconds,just got done watching the nba finals game one&#44 i was walking out the door to my friends house when i looked to the east and half way u,6/12/2002,48.5569444,-113.0125000
6/6/2006 23:25,billings,mt,us,light,2100,35 minutes,5 lights in the sky&#44 one dripping blue sparks&#44 incredible flash,4/4/2014,45.7833333,-108.5000000
7/10/2011 02:05,missoula,mt,us,light,5400,1- 1.5 hr,Flashing green&#44 red&#44 blue&#44 and white lights hovering above and scanning valleys north of Missoula. ((NUFORC Note:  Star??  PD)),7/17/2011,46.8722222,-113.9930556
7/10/2011 23:15,wolf point,mt,us,light,240,3-4 minutes,Orange-reddish lighs-bright lights pulsating coming from west then disappearing,7/17/2011,48.0905556,-105.6400000
7/11/2001 00:33,helena,mt,us,light,300,5 mins?,Two lights as bright as meteors moving north &amp; east respectively almost collide&#44 swerve and change direction dramatically.,8/5/2001,46.5927778,-112.0352778
7/11/2007 23:30,lincoln,mt,us,unknown,1500,25 minutes,Unknown lights and unexplained observation on Lewis and Clark Pass&#44 MT 11 July 2007,8/7/2007,46.9550000,-112.6808333
7/11/2008 21:00,livingston,mt,us,circle,180,2-3 minutes,Several black circles&#44 altogether.  It hovered over the mountain peak&#44&#44as we all sat on our front porches&#44 and seen clearly.  It  was H,8/12/2008,45.6625000,-110.5602778
7/1/2009 00:01,whitefish (just outside of),mt,us,unknown,30,30 seconds,Very Bright Object in the sky near Whitefish&#44 Montana.  ((NUFORC Note:  Possible Iridium flare?  PD)),8/5/2009,48.4111111,-114.3366667
7/1/2010 22:30,missoula,mt,us,fireball,180,3 minutes,Glowing orange fireball over Missoula&#44 10:30 p.m.&#44 July 1.,7/6/2010,46.8722222,-113.9930556
7/12/2013 22:00,billings,mt,us,flash,10800,3 hours,Flashing white lights with orange glow &amp; loud sounds during event,7/22/2013,45.7833333,-108.5000000
7/13/1999 22:50,missoula,mt,us,cigar,180,3 minutes,Coming home late from a soccer match&#44 I saw the objects moving from behind a local mountain towards the south end of town. They moved s,8/10/1999,46.8722222,-113.9930556
7/13/2001 23:00,malta,mt,us,light,1200,15-20 min.,Strange triangular light sighting over Northern Montana,9/24/2003,48.3597222,-107.8736111
7/13/2011 03:00,bozeman,mt,us,unknown,7200,2 hours,That star is acting like a foosball&#33  ((NUFORC Note:  Possible sighting of a bright star or planet??  PD)),7/17/2011,45.6797222,-111.0377778
7/13/2013 21:00,bozeman,mt,us,light,1260,21:00,The sun was just going down and we saw a very bright light in the sky to the west. I asked my girlfriend if she saw it&#44 she did  but sa,7/14/2013,45.6797222,-111.0377778
7/13/2013 23:00,missoula,mt,us,triangle,1800,30 minutes,Rounded triangle craft slowly hovers 200 ft above home,8/30/2013,46.8722222,-113.9930556
7/14/1964 13:00,hamilton,mt,us,oval,900,15min,Summer of 1964&#44 red-orange saucer-ovals sighted from Missoula&#44 to Darby&#44 Montana.,9/29/2004,46.2469444,-114.1594444
7/14/2012 01:00,browning,mt,us,fireball,5,5 seconds,First lightening&#44then a flamming fire ball comes down with a tail of orange and yellow colors.,8/5/2012,48.5569444,-113.0125000
7/15/1991 22:00,sidney,mt,us,triangle,4,3-4 seconds,Triangle or V of lights traveling fast and low with no sound at all.,9/4/2003,47.7166667,-104.1558333
7/15/2002 20:01,missoula,mt,us,fireball,60,1 minute,Unexplained objects photographed over Mount Sentinel in Montana.,7/26/2002,46.8722222,-113.9930556
7/15/2003 05:00,hungry horse,mt,us,light,1200,10-20 minutes,Saw something wierd&#44 got it on video.,7/23/2003,48.3858333,-114.0600000
7/15/2006 23:30,whitefish,mt,us,chevron,2700,45 minutes,5 rotating chevron craft seen above Whitefish on a summer night.,12/12/2009,48.4111111,-114.3366667
7/15/2012 15:00,florence,mt,us,triangle,60,1 minutes,I&#39m an artist&#44 critical of the visual; height&#44 color&#44 etc,11/4/2012,46.6316667,-114.0780556
7/16/2009 23:30,kalispell,mt,us,circle,300,5 minutes,Large&#44 bright light with no sound moved slowly over the Flathead Valley&#44 MT towards the southeast&#44 dimmed and vanished .,8/5/2009,48.1958333,-114.3119444
7/16/2011 00:00,three forks,mt,us,fireball,180,3 minutes,Orange hovering crafts,7/17/2011,45.8925000,-111.5513889
7/17/2010 03:30,columbia falls,mt,us,light,600,10 minutes,3 lights in the sky,7/19/2010,48.3725000,-114.1805556
7/17/2013 23:00,saint ignatius,mt,us,fireball,30,30 sec,Fireballs in the Sky over St. Ignatius MT,7/22/2013,47.3200000,-114.0930556
7/18/1970 23:00,custer,mt,us,light,1200,20 minutes,It had been stationary in the sky for about two hours when it  just &quot;took off&quot; and then went back the way it had originated from before,1/17/2004,46.1291667,-107.5544444
7/18/2009 22:30,whitefish,mt,us,,600,10 minutes,bright white light traveling west to east over flathead valley towards glacier without sound.  ((NUFORC Note:  ISS??  PD)),8/5/2009,48.4111111,-114.3366667
7/20/2009 04:00,bozeman,mt,us,light,60,less than 1 minute.,Big light seen moving toward me from high up suddenly reverses itself as it notices that I am looking at it.,8/5/2009,45.6797222,-111.0377778
7/21/2002 22:52,deer lodge,mt,us,cigar,900,15 minutes,UFO spotted near City in Montana,7/26/2002,46.3958333,-112.7291667
7/2/2011 18:00,st. mary,mt,us,oval,15,15 seconds,Seven oval shapes at very high altitude in clear blue sky. Circling around one another&#44 as if a flock of birds but no wings.  White bot,7/17/2011,48.7438889,-113.4286111
7/22/2003 24:00,kalispell,mt,us,unknown,900,15 minutes,object moved in odd directions and amazing manuvering ablitites and speeds,7/5/2005,48.1958333,-114.3119444
7/22/2007 20:00,great falls,mt,us,teardrop,600,10 m,black triangular object in southeast sky hovering at a lower altitude and proceeding to hover at much higher altitude for 10 minutes.,8/7/2007,47.5002778,-111.3000000
7/23/2002 22:15,deer lodge,mt,us,disk,20,20 seconds,UFO above mountain,8/16/2002,46.3958333,-112.7291667
7/23/2010 12:30,polson,mt,us,cigar,10,10 seconds,Unusual looking metallic craft over the National Bison Range in Montana.,8/21/2011,47.6936111,-114.1622222
7/23/2012 04:00,east helena,mt,us,triangle,1200,15-20 min,Sighting of an arrowhead shaped craft about 100 feet over our heads with military escort.,11/4/2012,46.5897222,-111.9147222
7/23/2012 04:15,ronan,mt,us,sphere,5400,1.5 hours,Three orbs flashing red and green over the Mission Mountains.  ((NUFORC Note:  Sighting of planets in the eastern sky?  PD)),8/5/2012,47.5288889,-114.1005556
7/24/2011 00:02,billings,mt,us,fireball,120,2 minutes,Orange Red Fireball/Craft over Billings Montana. 2nd sighting this month.,8/7/2011,45.7833333,-108.5000000
7/25/2009 01:00,de borgia,mt,us,light,3600,1 hour +,Flashing green and red light in the sky is bouncing around.   ((NUFORC Note:  Probable sighting of &quot;twinkling&quot; star?  PD)),8/5/2009,47.3758333,-115.3450000
7/26/2013 23:20,lolo,mt,us,flash,300,3-5 minutes,I was outside shutting off the sprinklers and as I was walking back inside I saw a flash of bright blue light. It almost apeared as lig,8/30/2013,46.7588889,-114.0800000
7/28/2003 22:32,bozeman,mt,us,oval,240,3-4 min.,bright oval light seen.,8/1/2003,45.6797222,-111.0377778
7/28/2008 23:00,busby,mt,us,light,120,maybe 2 minutes if that,bobbing light object unknown,8/12/2008,45.5372222,-106.9550000
7/31/2002 00:05,hungry horse,mt,us,light,30,30 seconds,I observed a point of white light&#44 resembling a star&#44 seeming to be high altitude&#44 moving west at a moderate speed for about 30 seconds,8/16/2002,48.3858333,-114.0600000
7/3/2011 22:20,butte,mt,us,sphere,180,2 to 3 min,Sphere/fireball seen during fireworks,7/17/2011,46.0038889,-112.5338889
7/3/2011 23:30,butte,mt,us,fireball,300,5 min,3 orange balls of light flew over butte 5 minutes apart,7/6/2011,46.0038889,-112.5338889
7/3/2012 23:10,belt,mt,us,unknown,25,approx 25 seconds,Orange object appeared in night sky over Belt MT,7/4/2012,47.3861111,-110.9247222
7/4/2005 23:00,roscoe,mt,us,,120,two hours,Glowing orbs in various places and then a sweeping light across the mountain unlike anything I&#39ve ever seen.,10/31/2008,45.3497222,-109.4958333
7/4/2007 18:30,kalispell,mt,us,unknown,10,10 seconds,Obviously non-natural object flying in straight track disappears.,8/7/2007,48.1958333,-114.3119444
7/4/2010 21:45,great falls,mt,us,unknown,120,2 minutes,Craft with large yellow/reddish color light observed over Great Falls MT on July 4th&#44 2010,7/10/2010,47.5002778,-111.3000000
7/4/2011 22:15,billings,mt,us,light,3600,1 hour,6 sightings of red-orange crafts over Billings Montana July 4th 2011 10pm to 11pm,8/7/2011,45.7833333,-108.5000000
7/4/2011 22:45,wolf point,mt,us,fireball,180,3 mins,Orange red ball of light or orb.,7/6/2011,48.0905556,-105.6400000
7/4/2011 23:15,wolf point,mt,us,disk,600,10 mins,Orange red ball of light that flashes orange and red,7/6/2011,48.0905556,-105.6400000
7/4/2012 22:30,bozeman,mt,us,other,900,15 minutes,Red orb traveling straight up the side of the Bridger Mountains.,7/22/2013,45.6797222,-111.0377778
7/4/2013 22:40,belgrade,mt,us,fireball,300,3-5 minutes,Red fire balls in sky,7/5/2013,45.7761111,-111.1761111
7/4/2013 23:00,glendive,mt,us,circle,60,1 minute,4 SUPER FAST ORANGE POLS SATING LIGHTS OVER GLENDIVE MT,8/30/2013,47.1052778,-104.7119444
7/4/2013 23:00,whitefish,mt,us,fireball,3600,1 hour,Flaming orange orb moving at high rates of speed&#44 often becoming very bright.,7/14/2013,48.4111111,-114.3366667
7/5/2005 20:00,belgrade,mt,us,oval,30,20-30 sec.,DISAPPEARING  CRAFT ALONG THE BRIDGER RANGE,7/13/2005,45.7761111,-111.1761111
7/6/2013 22:30,kalispell,mt,us,light,240,3-4 minutes,Stationary amber dots of light that looked like planets that got brighter and moved slightly to the S SW then faded away with no sound,7/14/2013,48.1958333,-114.3119444
7/7/2001 22:15,missoula,mt,us,rectangle,1500,25 minutes,Flashing mulitcolored lights on hilltop dip behind hill and reappear as rectangular  strobing craft.,8/5/2001,46.8722222,-113.9930556
7/8/2012 00:00,kalispell,mt,us,diamond,300,5 minutes,Diamond shaped UFO seen over Lone Pine State Park.,8/5/2012,48.1958333,-114.3119444
7/8/2013 01:00,libby,mt,us,changing,7200,2 hours,Looking S&#44 like a light bar With blue&#44 red&#44 green&#44 purple and white lights that dance.  ((NUFORC Note:  Star??  PD)),8/30/2013,48.3883333,-115.5550000
7/9/2010 15:38,wolf creek,mt,us,disk,10800,3 hrs,Then saw a light in the sky focused on it and it appeared to be some kind of ship.  ((NUFORC Note:  Venus??  PD)),7/19/2010,47.0061111,-112.0683333
7/9/2011 22:30,butte,mt,us,other,600,10 min,The Richest Hill on Earth gets scanned,1/12/2012,46.0038889,-112.5338889
8/10/1966 03:30,ovando,mt,us,oval,1200,20 minutes,UFO Sighting in 1966 &#8211; Blackfoot Valley&#44 Ovando&#44 Montana,5/15/2013,47.0202778,-113.1322222
8/10/2006 22:00,eureka,mt,us,light,120,two minutes,Lights in a fixed position and altitude for at least one minute and  then departure was slow in a southwest direction,10/30/2006,48.8800000,-115.0525000
8/10/2009 23:56,troy,mt,us,unknown,360,4 -6 minutes,Strange flying craft seen in the night sky over Troy&#44 Montana,8/27/2009,48.4633333,-115.8886111
8/10/2011 19:34,billings,mt,us,oval,1,1 sec,Canon A3100IS Captures an Unknown Black Blur During Thunderstorm.  ((NUFORC Note:  We suspect a bird&#44 caught in flight.  PD)),8/21/2011,45.7833333,-108.5000000
8/10/2012 22:48,thompson falls,mt,us,light,300,5 minutes,Fast-moving pair of lights in Thompson Falls&#44 Montana,8/19/2012,47.5972222,-115.3433333
8/10/2012 22:48,thompson falls,mt,us,light,300,5 minutes,Last night&#44  my father and mother claimed to have seen an object flying in the sky that had two lights on it and made absolutely no noi,8/19/2012,47.5972222,-115.3433333
8/10/2013 22:00,butte,mt,us,light,60,~1 minute each,Red light hovering in the North moving back and forth three nights in a row,8/30/2013,46.0038889,-112.5338889
8/11/2013 21:50,bozeman,mt,us,light,60,60 seconds,2 lights&#44 passing by each other&#44 then 1 changed direction.,8/30/2013,45.6797222,-111.0377778
8/1/1992 12:00,belgrade,mt,us,triangle,120,few minutes,Unidentified flying bright orange triangle 20 miles north of Belgrade&#44 Montana in late summer of 1992,5/24/2005,45.7761111,-111.1761111
8/1/2008 23:45,billings,mt,us,cross,900,15 mins,A cross-shaped craft seen over Billings&#44 MT.,8/12/2008,45.7833333,-108.5000000
8/12/1965 21:00,dillon,mt,us,oval,180,3 minutes,Oval object examining power lines,1/31/2011,45.2163889,-112.6366667
8/12/2004 02:00,bozeman,mt,us,light,60,almost a minute,A point of light similar to a satellite flew at high speed and made several turns of 90  degrees or less.,12/3/2004,45.6797222,-111.0377778
8/12/2004 23:00,great falls,mt,us,light,20,15-20 seconds,while watching the meteor shower we saw an object cross the sky&#44 stop&#44 and emit a bright light before continuing on in an erratic patte,8/24/2004,47.5002778,-111.3000000
8/12/2004 23:57,boulder,mt,us,light,45,30-45 sec,The intensity and smoothness with which it moved and the fact that it stood perfectly still for so long&#44 unwavering.,8/24/2004,46.2366667,-112.1200000
8/12/2009 23:30,missoula,mt,us,light,300,less than five minutes.,Two blinking objects flying slowly across sky.,8/27/2009,46.8722222,-113.9930556
8/12/2011 21:55,whitefish,mt,us,fireball,300,5+- minutes,4 orange red fireballs hovered in front of Big Mountain and 3 hovered in a triangle formation over the mountain,8/21/2011,48.4111111,-114.3366667
8/12/2012 23:49,great falls,mt,us,triangle,12,12 seconds,Kite shaped moderately fast moving and silent,8/19/2012,47.5002778,-111.3000000
8/14/1984 00:00,eureka,mt,us,circle,900,15 minutes,Extra star in the Dig Dipper flew over the mountains North.,7/23/2000,48.8800000,-115.0525000
8/14/2001 22:00,helena,mt,us,disk,2100,app35 minutes,in august 2001 my entire family saw two formations of saucer-like objects form &amp; unform over about 30-40 minutes,8/16/2002,46.5927778,-112.0352778
8/14/2009 04:42,red lodge,mt,us,circle,1200,20 min,Bright white light - went on and off - drew circles,8/27/2009,45.1858333,-109.2461111
8/14/2011 00:00,billings,mt,us,light,240,2-4minutes,Dogs woke me up close to midnight needing to be let out for a nature call. I went out on back deck facing east and sat to relax. I look,10/10/2011,45.7833333,-108.5000000
8/14/2011 01:00,hays,mt,us,oval,1500,25 mins.,Hello&#44 my UFO sighting occurred around 1:00AM at 8/14/11&#44 and lasted for about 25 mins. Well&#44 I was just about to fall asleep on the co,8/21/2011,47.9891667,-108.6936111
8/15/1997 01:00,bigfork,mt,us,sphere,10800,3 hours,Bright Orange in color like hot metal&#44 deffinatly metal of some kind it made no sound and sat just above the trees at least as big as a,8/16/2002,48.0633333,-114.0716667
8/15/2005 22:00,wolf point,mt,us,other,180,3 minutes,Large boomerang object flies close to ground.,2/28/2013,48.0905556,-105.6400000
8/15/2010 20:45,conrad,mt,us,sphere,1200,20 minutes,UFO seen over Conrad &#44 Montana 8-15-2010.  ((NUFORC Note:  We believe that the photo is of a high-altitude contrail.  PD)),8/24/2010,48.1702778,-111.9452778
8/15/2012 23:30,missoula,mt,us,chevron,1800,30 minutes,Double Chevron.  Red&#44 green&#44 white and orange lights&#44 hovering and moving right and left.  ((NUFORC Note:  Star??  PD)),8/19/2012,46.8722222,-113.9930556
8/16/2004 21:00,billings (southeast of),mt,us,light,300,5 minutes,It was a reoccuring visual object then followed by an occurrence of thunderous noise in the same area.,9/9/2004,45.7833333,-108.5000000
8/16/2010 22:16,helena,mt,us,fireball,180,3 minutes,Fiery orange-red ball slowly poassed over the valley.,8/21/2011,46.5927778,-112.0352778
8/16/2012 23:00,cut bank,mt,us,sphere,20,20 seconds,Bright orbs&#44 triangular lights&#44 strange planes on patrol near a airforcebase in northern montana,8/19/2012,48.6330556,-112.3252778
8/18/2000 20:00,zortman,mt,us,other,7200,2 hours,Object able to change its direction at anytime without having to slow down.  Very erratic behavior,9/17/2000,47.9177778,-108.5255556
8/18/2010 00:15,white sulphur springs,mt,us,egg,1800,30 minutes,very bright egg&#44 eye shaped object seen over Castle Mountains,8/24/2010,46.5483333,-110.9013889
8/18/2013 03:15,paradise,mt,us,circle,180,3 minutes,A large white object with sparks coming off it lit up the night sky before breaking into pieces.,8/30/2013,47.3894444,-114.8011111
8/19/1999 20:00,great falls,mt,us,oval,300,5 min,on august 19th. @ 20:00 hrs. we witnessed an unidientified craft.  It came to a complete stop for 10 seconds&#44 then proceded to climb st,8/30/1999,47.5002778,-111.3000000
8/19/2011 02:19,kalispell,mt,us,other,2700,45 minutes,Beam of infrared light terminating in a circle above the ground.,10/10/2011,48.1958333,-114.3119444
8/20/2002 23:10,noxon,mt,us,unknown,2700,45 minutes,Large craft spotted in Northwest Montana,8/28/2002,47.9961111,-115.7805556
8/20/2009 22:00,florence,mt,us,light,600,10 mins,Dual lights traveling together in irregular pattern,8/27/2009,46.6316667,-114.0780556
8/21/2000 21:45,whitefish,mt,us,fireball,2,2 sec +,green &amp;/or yellow,8/25/2000,48.4111111,-114.3366667
8/22/2009 04:30,warm springs,mt,us,light,3600,1hr+,Bright flickering Light,8/27/2009,46.1813889,-112.7838889
8/22/2011 08:45,livingston,mt,us,light,240,4 minutes,2-3 very bright lights above Livingston in broad daylight,10/10/2011,45.6625000,-110.5602778
8/22/2011 22:00,whitefish,mt,us,triangle,300,4-5 minutes,Series of red/orange objects seen over Whitefish&#44 MT,10/10/2011,48.4111111,-114.3366667
8/23/1997 20:00,billings,mt,us,cigar,8,8 seconds,Cigar-shaped object flies from horizon to horizon over Billings&#44 Montana.,2/14/2006,45.7833333,-108.5000000
8/25/1995 20:00,helena,mt,us,,120,2 min.,Woman &amp; children at fam. reunion see unlighted&#44 round obj. &quot;colored like pearl&quot; pass overhead against wind.  See 3 more sec. later.,11/2/1999,46.5927778,-112.0352778
8/25/2011 01:00,winnett,mt,us,flash,4,4 seconds,It was like a helicopter spotlight but soundless then winked out and then turned into an orange light and unnaturally sped to the right,10/10/2011,47.0027778,-108.3513889
8/26/1999 21:20,great falls,mt,us,light,30,30 seconds,Four lights moving at a 45-50 degree horizon,9/12/1999,47.5002778,-111.3000000
8/28/2013 21:30,billings,mt,us,fireball,60,60 seconds,Bright&#44 glowing object at 5000 ft AGL.,10/14/2013,45.7833333,-108.5000000
8/31/2009 19:45,missoula,mt,us,other,60,1 minute,Silent&#44 erratic&#44 ultra-fast tour over Missoula area of 3-5 copper-colored craft.,12/12/2009,46.8722222,-113.9930556
8/3/1997 23:30,sand springs (15-20mi. e/se of),mt,us,other,300,5 minutes,The object flew almost like a butterfly&#44 very high up (30-40K+)&#44 blinking blue and red in four distinct spots as it flew from side to s,8/5/2001,47.1008333,-107.4850000
8/3/2000 19:20,libby,mt,us,disk,120,few minutes,We were watching the white oval object moving east in the clear blue sky&#44 then it just disappeared&#33,8/25/2000,48.3883333,-115.5550000
8/3/2012 00:30,missoula,mt,us,changing,240,3-4 minutes,Changing shapes and colors spotted over the the city of Missoula,8/19/2012,46.8722222,-113.9930556
8/4/2013 23:00,missoula,mt,us,light,3600,1 hour,Appearing and disappearing lights above and below&#44 and on mountain line.  moving slow then very fast like a shooting star then not movi,8/30/2013,46.8722222,-113.9930556
8/5/2003 23:37,kalispell,mt,us,light,3600,1 hour +,Several nights of sightings,8/28/2003,48.1958333,-114.3119444
8/6/2006 16:00,missoula,mt,us,disk,45,45 seconds,White disk flying over Montana,10/30/2006,46.8722222,-113.9930556
8/8/2004 00:00,stevensville,mt,us,circle,1500,approx 25 minutes,red circle during thunderstorm,2/22/2005,46.5100000,-114.0922222
8/9/2003 10:45,glendive,mt,us,chevron,180,3 minutes,3 chevron shaped objects flying in formation that disappeared,8/28/2003,47.1052778,-104.7119444
9/10/2003 21:00,bozeman,mt,us,other,900,about 15 minuts,green laser beam that was big shot threw the sky for 15 minuts then vanished  like some one truned off the light swich,12/12/2011,45.6797222,-111.0377778
9/11/1995 23:23,whitefish,mt,us,,300,5 min.,Man &amp; wife witness cluster of lights move along hor. to NE near Salish Mtn. Obj. suddenly &quot;fires&quot; 4 &quot; bolts of light&quot; at mtn. twice.,11/2/1999,48.4111111,-114.3366667
9/1/2005 21:55,great falls,mt,us,light,180,3 minutes each,First Incident:  At 21:55 I was outside and noticed a light in the sky moving. It looked just like a star. There was no flashing strobe,9/15/2005,47.5002778,-111.3000000
9/1/2012 11:15,helena,mt,us,light,20,20 seconds,A VERY BRIGHT STATIONARY STAR BEGINS MOVING&#44 THEN DIMS OUT AFTER A BRIEF RED DIM LIGHT.,9/24/2012,46.5927778,-112.0352778
9/12/1998 10:30,lolo,mt,us,disk,300,5 min,My son and I saw a bright&#44 white colored object in the sky right near the moon&#44 but lower about a half hour ago.,9/26/1998,46.7588889,-114.0800000
9/13/1995 00:30,missoula,mt,us,,2700,45 min.,Man reports witnessing at least 15-20 strange looking objects streaking silently overhead.,11/2/1999,46.8722222,-113.9930556
9/13/2000 00:04,bozeman,mt,us,other,4,3 - 4 seconds,An angular&#44 heat glowing object w/ a tail smoothly streaked in a S.E. path&#44 clearing a mtn. range on 09/13/00 at 24:04.,12/2/2000,45.6797222,-111.0377778
9/13/2002 05:30,ft. smith,mt,us,unknown,600,5 - 10 min,Three bright lights with no sound.,9/28/2002,45.3127778,-107.9363889
9/14/2005 20:40,havre,mt,us,formation,600,10 min.,Many lights in the sky all at once&#44 four witnesses.,4/17/2008,48.5500000,-109.6833333
9/14/2005 20:40,havre,mt,us,light,600,10 minutes,Many lights appear at once&#44 4 known witnesses.,3/4/2008,48.5500000,-109.6833333
9/15/1999 23:00,columbia falls,mt,us,disk,30,30 seconds,Bright object seen close up in Montana &#3999.,11/11/2013,48.3725000,-114.1805556
9/15/2008 05:30,eureka,mt,us,triangle,3600,1 hour,I am missing one hour of time. 500 Lights On Object0: Yes,10/31/2008,48.8800000,-115.0525000
9/15/2012 20:40,billings,mt,us,unknown,240,aprox 4 minutes,2 red lights moving NE to SW silently,9/24/2012,45.7833333,-108.5000000
9/15/2012 21:15,jackson,mt,us,oval,5,5 seconds+,Spacecraft entering Earth&#8217;s atmosphere.,12/20/2012,45.3680556,-113.4080556
9/17/2005 22:00,havre,mt,us,fireball,120,several minutes,Bright Lights on the High-Line,3/4/2008,48.5500000,-109.6833333
9/20/2009 03:00,missoula,mt,us,fireball,7,5-7 seconds,One bright &#44dark pink&#44 slow moving&#44 orb went through my yard at 3am lasting 5 or so seconds.,12/12/2009,46.8722222,-113.9930556
9/21/1999 09:10,hamilton,mt,us,disk,300,5+ mins.,Husband saw 1st. It was sitting still directly west of Hamilton&#44 over Bitterroot Range. As soon as he pointed it out to a friend&#44 it be,10/2/1999,46.2469444,-114.1594444
9/21/2005 22:00,whitefish (?),mt,us,flash,240,half hour,flashing red and green object at night.. then suddenly a flash bulb type of light went off right below it.,10/11/2005,48.4111111,-114.3366667
9/21/2012 20:30,moccasin,mt,us,other,20,20 seconds,Yellow orange elongated bar shape converted to three individual dots.,9/24/2012,47.0533333,-109.9097222
9/21/2012 20:47,valentine,mt,us,fireball,60,1 minute,Four orange lights in sky.,9/24/2012,47.3116667,-108.4213889
9/23/1999 22:00,whitefish,mt,us,circle,600,10 min,Circular Craft Flashing a Red Beam,8/28/2003,48.4111111,-114.3366667
9/24/1998 23:59,wyola,mt,us,disk,600,half an hour, I looked forward and noticed in the upper right hand corner of the wind shield a dark well defined disk shaped object.,11/1/1998,45.1294444,-107.3925000
9/25/2006 04:30,marion,mt,us,unknown,2100,35 minutes,Bright spot in sky blinking red and green and (sometimes) white light&#44 stationery place in sky for 30 minutes.,10/30/2006,48.1055556,-114.6622222
9/25/2013 05:17,three forks,mt,us,circle,2700,45 minutes,Strange movement of circular lights.,9/30/2013,45.8925000,-111.5513889
9/4/2004 24:00,kalispell,mt,us,triangle,120,2 minutes,Triangle Craft  ((NUFORC Note:  NOSS satellite formation??  PD)),9/29/2004,48.1958333,-114.3119444
9/6/2012 11:38,bozeman,mt,us,flash,2,seconds,There was a blue flash south of Bozeman&#44 MT that ended with a blue light dropping downward.,10/30/2012,45.6797222,-111.0377778
9/8/2007 17:25,stevensville,mt,us,cylinder,300,aound 5 min.,White noiseless craft going south-east overhead.,10/8/2007,46.5100000,-114.0922222
9/8/2009 20:50,anaconda,mt,us,sphere,150,2.5 min,Two bright lights travelling fast across the sky&#44 then disappear.  ((NUFORC Note:  ISS and Space Shuttle in formation.  PD)),12/12/2009,46.1286111,-112.9413889
9/8/2012 16:30,rocky boy,mt,us,diamond,10800,2-3 hours,Me &amp; a couple of friends went outside to smoke a cig &amp; we noticed a craft hovering above centennial mt. the colors i saw were blue&#44 re,9/24/2012,48.2561111,-109.7875000
9/9/2000 03:30,gardiner,mt,us,light,120,2 minutes,Yankee Stadium in the middle of nowhere,4/25/2002,45.0319444,-110.7050000
9/9/2009 21:00,wolf point,mt,us,light,300,5 minutes,Three objects were seen&#44 one blinking and the other two in particular glowing bright and dimming in the same path. ((ISS?)),12/12/2009,48.0905556,-105.6400000
